commit_month,Author
1,James Lamb
1,dependabot[bot]
1,Jiaming Yuan
1,Jiaming Yuan
1,James Lamb
1,Jiaming Yuan
1,Jiaming Yuan
1,Bobby Wang
1,Jiaming Yuan
1,Jiaming Yuan
1,Emre Batuhan Baloğlu
1,Jiaming Yuan
1,Bobby Wang
1,Jiaming Yuan
1,Jiaming Yuan
1,Jiaming Yuan
1,Bobby Wang
1,Jiaming Yuan
1,Jiaming Yuan
1,Jiaming Yuan
1,Jiaming Yuan
1,James Lamb
1,Jiaming Yuan
1,James Lamb
1,dependabot[bot]
1,dependabot[bot]
1,Jiaming Yuan
1,Jiaming Yuan
1,Jiaming Yuan
1,Jiaming Yuan
1,James Lamb
1,Jiaming Yuan
1,James Lamb
1,Rong Ou
1,Jiaming Yuan
1,Jiaming Yuan
1,Jiaming Yuan
1,James Lamb
1,Jiaming Yuan
1,Jiaming Yuan
1,Jiaming Yuan
1,Jiaming Yuan
1,James Lamb
1,Philip Hyunsu Cho
1,James Lamb
1,Rong Ou
1,Jiaming Yuan
1,Jiaming Yuan
1,Jiaming Yuan
1,James Lamb
1,Hamel Husain
2,Jiaming Yuan
2,Philip Hyunsu Cho
2,BenEfrati
2,Jiaming Yuan
2,Rong Ou
2,Rory Mitchell
2,Jiaming Yuan
2,Jiaming Yuan
2,Jiaming Yuan
2,Jiaming Yuan
2,Jiaming Yuan
2,Jiaming Yuan
2,Rong Ou
2,Jiaming Yuan
2,Jiaming Yuan
2,Jiaming Yuan
2,Dai-Jie (Jay) Wu
2,Jiaming Yuan
2,Jiaming Yuan
2,Jiaming Yuan
2,Jiaming Yuan
2,Jiaming Yuan
2,Rong Ou
2,Jiaming Yuan
2,Jiaming Yuan
2,Jiaming Yuan
2,Jiaming Yuan
2,Jiaming Yuan
2,WeichenXu
2,Rong Ou
2,Jiaming Yuan
2,Jiaming Yuan
2,Jiaming Yuan
2,Jiaming Yuan
2,Jiaming Yuan
2,Jiaming Yuan
2,dependabot[bot]
2,dependabot[bot]
2,dependabot[bot]
2,Rong Ou
2,Mauro Leggieri
2,Rong Ou
2,Jiaming Yuan
3,Philip Hyunsu Cho
3,Rong Ou
3,Rong Ou
3,Jiaming Yuan
3,mzzhang95
3,Rory Mitchell
3,Rong Ou
3,Jiaming Yuan
3,Jiaming Yuan
3,Jiaming Yuan
3,Jiaming Yuan
3,Jiaming Yuan
3,Jiaming Yuan
3,dependabot[bot]
3,dependabot[bot]
3,dependabot[bot]
3,dependabot[bot]
3,dependabot[bot]
3,Jiaming Yuan
3,dependabot[bot]
3,Jiaming Yuan
3,dependabot[bot]
3,Jiaming Yuan
3,Krzysztof Dyba
3,Jiaming Yuan
3,Jiaming Yuan
3,Jiaming Yuan
3,Jiaming Yuan
3,Jiaming Yuan
3,Jiaming Yuan
3,Rong Ou
3,Jiaming Yuan
3,Jiaming Yuan
3,Jiaming Yuan
3,Jiaming Yuan
3,Jiaming Yuan
3,Jiaming Yuan
3,Jiaming Yuan
3,Jiaming Yuan
3,Jiaming Yuan
3,Jiaming Yuan
3,Jiaming Yuan
3,Jiaming Yuan
3,dependabot[bot]
3,Philip Hyunsu Cho
3,Jiaming Yuan
3,Jiaming Yuan
3,Quentin Fiard
3,Philip Hyunsu Cho
3,Jiaming Yuan
3,dependabot[bot]
3,Philip Hyunsu Cho
3,Rong Ou
3,Jiaming Yuan
3,Jiaming Yuan
3,Jiaming Yuan
3,Jiaming Yuan
3,Jiaming Yuan
3,Jiaming Yuan
3,Jiaming Yuan
3,Jiaming Yuan
3,dependabot[bot]
3,dependabot[bot]
3,dependabot[bot]
3,Jiaming Yuan
3,Jiaming Yuan
3,Jiaming Yuan
3,Rong Ou
3,Philip Hyunsu Cho
3,Jiaming Yuan
3,Rong Ou
3,Jiaming Yuan
3,Jiaming Yuan
3,Jiaming Yuan
3,Jiaming Yuan
3,Jiaming Yuan
3,Jiaming Yuan
3,Jiaming Yuan
4,Rong Ou
4,Jiaming Yuan
4,Sarah Charlotte Johnson
4,Jiaming Yuan
4,Jiaming Yuan
4,Philip Hyunsu Cho
4,WeichenXu
4,Rong Ou
4,Jiaming Yuan
4,Rong Ou
4,Jiaming Yuan
4,Emil Ejbyfeldt
4,dependabot[bot]
4,Jiaming Yuan
4,Philip Hyunsu Cho
4,Jiaming Yuan
4,dependabot[bot]
4,dependabot[bot]
4,austinzh
4,Jiaming Yuan
4,Rong Ou
4,Jiaming Yuan
4,Bobby Wang
4,Bobby Wang
4,dependabot[bot]
4,Bobby Wang
4,dependabot[bot]
4,Rong Ou
4,Boris
4,Scott Gustafson
4,Jiaming Yuan
4,Rong Ou
4,Jiaming Yuan
4,Jiaming Yuan
4,Jiaming Yuan
4,Jiaming Yuan
4,Rong Ou
4,Jiaming Yuan
4,Bobby Wang
4,Jiaming Yuan
4,Jiaming Yuan
5,Philip Hyunsu Cho
5,Jiaming Yuan
5,Rong Ou
5,Jiaming Yuan
5,Uriya Harpeness
5,Jiaming Yuan
5,Jiaming Yuan
5,Philip Hyunsu Cho
5,dependabot[bot]
5,dependabot[bot]
5,Jiaming Yuan
5,Rong Ou
5,Rong Ou
5,Stephan T. Lavavej
5,Stephan T. Lavavej
5,Stephan T. Lavavej
5,Bobby Wang
5,Bobby Wang
5,Bobby Wang
5,Jiaming Yuan
5,dependabot[bot]
5,dependabot[bot]
5,dependabot[bot]
5,dependabot[bot]
5,dependabot[bot]
5,Rong Ou
5,Rong Ou
5,dependabot[bot]
5,Jiaming Yuan
5,michael-gendy-mention-me
5,Jiaming Yuan
5,Boris
5,dependabot[bot]
5,Jiaming Yuan
5,Bobby Wang
5,Jean Lescut-Muller
5,Jiaming Yuan
5,dependabot[bot]
5,Jiaming Yuan
5,Jiaming Yuan
5,Jiaming Yuan
5,Jiaming Yuan
5,Jiaming Yuan
5,ZHAOKAI WANG
6,dependabot[bot]
6,Boris
6,Philip Hyunsu Cho
6,Jiaming Yuan
6,Philip Hyunsu Cho
6,Philip Hyunsu Cho
6,Philip Hyunsu Cho
6,Rong Ou
6,dependabot[bot]
6,Boris
6,Jiaming Yuan
6,Jiaming Yuan
6,dependabot[bot]
6,dependabot[bot]
6,ZHAOKAI WANG
6,Rong Ou
6,Philip Hyunsu Cho
6,Philip Hyunsu Cho
6,Philip Hyunsu Cho
6,Jiaming Yuan
6,github-actions[bot]
6,Jiaming Yuan
6,Jiaming Yuan
6,ZHAOKAI WANG
6,Jake Blitch
6,Philip Hyunsu Cho
6,Rong Ou
6,Jacek Laskowski
6,George Othon
6,Rong Ou
6,Jiaming Yuan
6,Jiaming Yuan
6,Jiaming Yuan
6,Jiaming Yuan
6,Jiaming Yuan
6,Jiaming Yuan
6,jasjung
6,Jiaming Yuan
6,Jiaming Yuan
6,Rong Ou
7,Rong Ou
7,Jiaming Yuan
7,Jiaming Yuan
7,Jiaming Yuan
7,Jiaming Yuan
7,Boris
7,Oliver Holworthy
7,Jiaming Yuan
7,Jiaming Yuan
7,Jiaming Yuan
7,Rong Ou
7,Jiaming Yuan
7,edumugi
7,Jiaming Yuan
7,Jiaming Yuan
7,Rong Ou
7,jinmfeng001
7,Cássia Sampaio
7,Jiaming Yuan
7,Jiaming Yuan
7,Jiaming Yuan
7,Jiaming Yuan
7,Jiaming Yuan
7,Jiaming Yuan
7,Jiaming Yuan
7,Philip Hyunsu Cho
7,Jiaming Yuan
7,Philip Hyunsu Cho
7,Jiaming Yuan
7,Jiaming Yuan
7,Rong Ou
7,Jiaming Yuan
7,Jiaming Yuan
7,Jiaming Yuan
7,Jiaming Yuan
7,Jiaming Yuan
7,Jiaming Yuan
7,Jiaming Yuan
7,Bobby Wang
7,Jiaming Yuan
7,Nicholas Hilton
7,Rong Ou
7,Bobby Wang
7,Jiaming Yuan
8,Jiaming Yuan
8,Rong Ou
8,Jiaming Yuan
8,Jiaming Yuan
8,Hendrik Makait
8,Jiaming Yuan
8,jinmfeng001
8,Philip Hyunsu Cho
8,Rong Ou
8,Philip Hyunsu Cho
8,Philip Hyunsu Cho
8,Jiaming Yuan
8,Jiaming Yuan
8,Philip Hyunsu Cho
8,Jiaming Yuan
8,Philip Hyunsu Cho
8,Jiaming Yuan
8,joshbrowning2358
8,Bobby Wang
8,Jiaming Yuan
8,Jiaming Yuan
8,Jiaming Yuan
8,James Lamb
8,James Lamb
8,James Lamb
8,ShaneConneely
8,James Lamb
8,Jiaming Yuan
8,Jiaming Yuan
8,Jiaming Yuan
8,Jiaming Yuan
8,github-actions[bot]
8,Jiaming Yuan
8,Bobby Wang
8,James Lamb
8,James Lamb
8,Jiaming Yuan
8,Boris
8,James Lamb
8,Jiaming Yuan
8,Jiaming Yuan
8,Sean Yang
8,Jiaming Yuan
8,Jiaming Yuan
8,Bobby Wang
8,Jiaming Yuan
8,Thomas Zeger
8,dependabot[bot]
8,Jiaming Yuan
8,dependabot[bot]
8,dependabot[bot]
8,Jiaming Yuan
8,dependabot[bot]
8,Jiaming Yuan
8,Jiaming Yuan
8,dependabot[bot]
8,Jiaming Yuan
8,Jiaming Yuan
8,Jiaming Yuan
8,Jiaming Yuan
8,Rong Ou
8,Jiaming Yuan
8,Jiaming Yuan
8,Jiaming Yuan
8,Jiaming Yuan
8,Jiaming Yuan
8,Jiaming Yuan
8,Jiaming Yuan
8,Jiaming Yuan
8,Jiaming Yuan
8,dependabot[bot]
8,Jiaming Yuan
8,Rong Ou
9,Rong Ou
9,James Lamb
9,Bobby Wang
9,James Lamb
9,Jiaming Yuan
9,Jiaming Yuan
9,Rong Ou
9,Bobby Wang
9,Rong Ou
9,Jiaming Yuan
9,Jon Yoquinto
9,Ikko Eltociear Ashimine
9,Jiaming Yuan
9,Jiaming Yuan
9,Jiaming Yuan
9,Rong Ou
9,Rong Ou
9,James Lamb
9,Jiaming Yuan
9,Jiaming Yuan
9,Jiaming Yuan
9,Jiaming Yuan
9,Jiaming Yuan
9,Jiaming Yuan
9,Jiaming Yuan
9,Rong Ou
9,Jiaming Yuan
9,Jiaming Yuan
9,Rong Ou
9,Benoit Chevallier-Mames
9,Jiaming Yuan
9,Rong Ou
9,Jordan Fréry
9,Rong Ou
9,Jiaming Yuan
9,Jordan Fréry
9,Jiaming Yuan
9,Jiaming Yuan
9,Jiaming Yuan
10,James Lamb
10,James Lamb
10,Jiaming Yuan
10,Jiaming Yuan
10,Jiaming Yuan
10,Rong Ou
10,James Lamb
10,Jiaming Yuan
10,James Lamb
10,Jiaming Yuan
10,github-actions[bot]
10,Rong Ou
10,Jiaming Yuan
10,Philip Hyunsu Cho
10,Jiaming Yuan
10,Jiaming Yuan
10,James Lamb
10,Philip Hyunsu Cho
10,Thomas Lynn
10,Bobby Wang
10,Rong Ou
10,Jiaming Yuan
10,Jiaming Yuan
10,Dmitry Razdoburdin
10,Jiaming Yuan
10,Philip Hyunsu Cho
10,Chuck Atkins
10,Rong Ou
10,Jiaming Yuan
10,Philip Hyunsu Cho
10,Philip Hyunsu Cho
10,Jiaming Yuan
10,Philip Hyunsu Cho
10,Hyunsu Cho
10,Jiaming Yuan
10,Philip Hyunsu Cho
10,Philip Hyunsu Cho
10,Dmitry Razdoburdin
10,Bobby Wang
10,Dmitry Razdoburdin
10,James Lamb
10,Jiaming Yuan
10,omahs
10,Bobby Wang
10,Jiaming Yuan
10,Philip Hyunsu Cho
10,Jiaming Yuan
10,david-cortes
11,Philip Hyunsu Cho
11,Philip Hyunsu Cho
11,Jiaming Yuan
11,david-cortes
11,Bobby Wang
11,Jiaming Yuan
11,Jiaming Yuan
11,Jiaming Yuan
11,Jiaming Yuan
11,Jiaming Yuan
11,Jiaming Yuan
11,Jiaming Yuan
11,Ken Geis
11,Bobby Wang
11,Jiaming Yuan
11,Bobby Wang
11,Jiaming Yuan
11,Jiaming Yuan
11,Jiaming Yuan
11,Jiaming Yuan
11,Jiaming Yuan
11,Jiaming Yuan
11,Jiaming Yuan
11,Jiaming Yuan
11,david-cortes
11,Jiaming Yuan
11,david-cortes
11,Jiaming Yuan
11,Yuan (Terry) Tang
11,david-cortes
11,david-cortes
12,Jiaming Yuan
12,Jiaming Yuan
12,david-cortes
12,Dmitry Razdoburdin
12,david-cortes
12,david-cortes
12,david-cortes
12,david-cortes
12,Jiaming Yuan
12,david-cortes
12,david-cortes
12,Jiaming Yuan
12,Jiaming Yuan
12,Jiaming Yuan
12,david-cortes
12,Jiaming Yuan
12,Jiaming Yuan
12,david-cortes
12,Dmitry Razdoburdin
12,github-actions[bot]
12,david-cortes
12,Philip Hyunsu Cho
12,david-cortes
12,Jiaming Yuan
12,Jiaming Yuan
12,Jiaming Yuan
12,Dmitry Razdoburdin
12,david-cortes
12,Jiaming Yuan
12,david-cortes
12,david-cortes
12,Jiaming Yuan
12,david-cortes
12,Michael Mayer
12,Jiaming Yuan
12,Michael Mayer
12,david-cortes
12,Jiaming Yuan
12,Philip Hyunsu Cho
12,david-cortes
12,david-cortes
12,david-cortes
